dataset:0,dataset:1,dataset:2,dataset:3,dataset:4,dataset:5,glue-cola,glue-mnli,glue-mrpc,glue-qqp,glue-rte,glue-sst2,glue-stsb
glue-cola,glue-mnli,glue-mrpc,glue-qqp,glue-rte,glue-sst2,0.029721955896452542,0.331875,0.19607843137254902,0.15,0.007220216606498195,0.0,
glue-cola,glue-mnli,glue-mrpc,glue-qqp,glue-rte,glue-stsb,0.0028763183125599234,0.176875,0.06862745098039216,0.0025,0.1299638989169675,0.0,0.44987335480269475
glue-cola,glue-mnli,glue-mrpc,glue-qqp,glue-sst2,glue-stsb,0.0,0.049375,0.0,0.58875,0.0036101083032490976,0.03784403669724771,0.5709928448225513
glue-cola,glue-mnli,glue-mrpc,glue-rte,glue-sst2,glue-stsb,0.04314477468839885,0.39125,0.031862745098039214,0.0,0.36462093862815886,0.0,0.6269042734742277
glue-cola,glue-mnli,glue-qqp,glue-rte,glue-sst2,glue-stsb,0.0028763183125599234,0.255625,0.0,0.48125,0.2996389891696751,0.3073394495412844,0.5866452885739164
glue-cola,glue-mrpc,glue-qqp,glue-rte,glue-sst2,glue-stsb,0.0009587727708533077,0.0,0.031862745098039214,0.0,0.0,0.06077981651376147,0.4803121193110342
glue-mnli,glue-mrpc,glue-qqp,glue-rte,glue-sst2,glue-stsb,0.0,0.20375,0.20588235294117646,0.0,0.3212996389891697,0.0,0.45868548461508657
