dataset:0,dataset:1,dataset:2,dataset:3,dataset:4,dataset:5,dataset:6,Cars,DTD,EuroSAT,GTSRB,RESISC45,SUN397,SVHN
Cars,DTD,EuroSAT,GTSRB,RESISC45,SUN397,SVHN,0.7669444098992663,0.6978723404255319,0.3751851851851852,0.305304829770388,0.45365079365079364,0.5781863979848867,0.1756299938537185
