dataset:0,dataset:1,dataset:2,dataset:3,dataset:4,dataset:5,Cars,DTD,EuroSAT,GTSRB,RESISC45,SUN397,SVHN
Cars,DTD,EuroSAT,GTSRB,RESISC45,SUN397,0.7897027732869046,0.7063829787234043,0.5833333333333334,0.31227236737925573,0.4738095238095238,0.5897732997481109,0.15365703749231716
Cars,DTD,EuroSAT,GTSRB,RESISC45,SVHN,0.7609750031090661,0.6723404255319149,0.5618518518518518,0.30673000791765637,0.4777777777777778,0.5987909319899244,0.20205900430239704
Cars,DTD,EuroSAT,GTSRB,SUN397,SVHN,0.7758985200845666,0.6643617021276595,0.6570370370370371,0.3452098178939034,0.5192063492063492,0.57183879093199,0.15968807621389058
Cars,DTD,EuroSAT,RESISC45,SUN397,SVHN,0.7894540480039796,0.6904255319148936,0.6288888888888889,0.2898653998416469,0.4665079365079365,0.5870025188916876,0.2641748617086663
Cars,DTD,GTSRB,RESISC45,SUN397,SVHN,0.7698047506529039,0.7063829787234043,0.3011111111111111,0.41464766429136973,0.45285714285714285,0.5916372795969773,0.16863859864781808
Cars,EuroSAT,GTSRB,RESISC45,SUN397,SVHN,0.7628404427310036,0.38457446808510637,0.9674074074074074,0.47901821060965954,0.43396825396825395,0.5991435768261965,0.21150891210817455
DTD,EuroSAT,GTSRB,RESISC45,SUN397,SVHN,0.5617460514861335,0.6781914893617021,0.9688888888888889,0.45938242280285035,0.4803174603174603,0.5899748110831234,0.23159956976029503
