dataset:0,dataset:1,dataset:2,dataset:3,dataset:4,dataset:5,Cars,DTD,EuroSAT,GTSRB,RESISC45,SUN397,SVHN
Cars,DTD,EuroSAT,GTSRB,RESISC45,SUN397,0.5366247979107076,0.4117021276595745,0.2074074074074074,0.3155977830562154,0.45174603174603173,0.611536523929471,0.0947679778733866
Cars,DTD,EuroSAT,GTSRB,RESISC45,SVHN,0.5372466111180202,0.41117021276595744,0.18481481481481482,0.3015835312747427,0.43873015873015875,0.608463476070529,0.15400276582667485
Cars,DTD,EuroSAT,GTSRB,SUN397,SVHN,0.5447083696057704,0.4021276595744681,0.19962962962962963,0.30593824228028504,0.4222222222222222,0.6043828715365239,0.1409419176398279
Cars,DTD,EuroSAT,RESISC45,SUN397,SVHN,0.5444596443228454,0.40797872340425534,0.20592592592592593,0.234916864608076,0.4587301587301587,0.6160201511335013,0.15365703749231716
Cars,DTD,GTSRB,RESISC45,SUN397,SVHN,0.5486879741325705,0.4117021276595745,0.15962962962962962,0.31694378463974665,0.4426984126984127,0.6114357682619648,0.12515365703749232
Cars,EuroSAT,GTSRB,RESISC45,SUN397,SVHN,0.534510633005845,0.4047872340425532,0.20814814814814814,0.2974663499604117,0.44126984126984126,0.610176322418136,0.14943146896127843
DTD,EuroSAT,GTSRB,RESISC45,SUN397,SVHN,0.5383658748911827,0.41117021276595744,0.18703703703703703,0.3007125890736342,0.44015873015873014,0.6064987405541562,0.15849723417332515
